{
  "model": "ELEmbeddings",
  "epochs": 150,
  "dim": 2,
  "lr": 1.479063540789615e-05,
  "margin": 2.1529534726626323,
  "batch": 64,
  "best_reg_norm": 0.005288135977084453,
  "optuna_used": true,
  "optuna": {
    "study_name": "mowl-elembeddings",
    "storage": null,
    "n_trials": 100,
    "best_params": {
      "dim": 2,
      "lr": 1.479063540789615e-05,
      "margin": 2.1529534726626323,
      "reg_norm": 0.005288135977084453
    },
    "best_value": 0.0
  },
  "train_path": "/home/sanne/Projects/Ontology-Tradecraft/projects/project-5/src/train.ttl",
  "valid_path": "/home/sanne/Projects/Ontology-Tradecraft/projects/project-5/src/valid.ttl",
  "num_valid_pairs": 27,
  "cosine_similarities": [
    -0.6054307818412781,
    -0.44849827885627747,
    -0.9661132097244263,
    -0.215815007686615,
    -0.6651151776313782,
    0.1187719777226448,
    -0.9770467281341553,
    -0.18327996134757996,
    0.3393336236476898,
    0.9788457155227661,
    -0.8185886144638062,
    0.87058025598526,
    0.4574335813522339,
    -0.40896838903427124,
    0.8219112753868103,
    0.906910240650177,
    0.7794547080993652,
    0.5845049023628235,
    0.6584161520004272,
    -0.7056070566177368,
    0.9479676485061646,
    -0.14104527235031128,
    -0.8836429119110107,
    0.9189357757568359,
    0.7287675142288208,
    -0.5512793660163879,
    0.9346976280212402
  ],
  "mean_cos": 0.8546486914157867,
  "selected_tau": 0.6,
  "tau_candidates": [
    0.6,
    0.65,
    0.7,
    0.75,
    0.8
  ]
}