{
  "model": "ELEmbeddings",
  "epochs": 150,
  "dim": 8,
  "lr": 1.001602073545354e-05,
  "margin": 2.446681025930387,
  "batch": 64,
  "reg_norm": 2.4018991174016663e-06,
  "optuna_used": true,
  "optuna": {
    "study_name": "mowl-elembeddings",
    "storage": null,
    "n_trials": 100,
    "best_params": {
      "dim": 8,
      "lr": 1.001602073545354e-05,
      "margin": 2.446681025930387,
      "reg_norm": 2.4018991174016663e-06
    },
    "best_value": 4.999999873689376e-06
  },
  "train_path": "/home/sanne/Projects/Ontology-Tradecraft/projects/project-5/src/train.ttl",
  "valid_path": "/home/sanne/Projects/Ontology-Tradecraft/projects/project-5/src/valid.ttl",
  "num_valid_pairs": 283,
  "cosine_similarities": [
    -0.16632309556007385,
    -0.23479478061199188,
    0.03442760556936264,
    0.20344263315200806,
    0.45508337020874023,
    0.25422656536102295,
    0.5499929189682007,
    -0.15199822187423706,
    0.19623392820358276,
    -0.30308282375335693,
    -0.2132747769355774,
    -0.505113422870636,
    -0.2131180316209793,
    -0.06016393005847931,
    0.4152858257293701,
    -0.12570278346538544,
    -0.015551822260022163,
    0.8450644016265869,
    -0.15470954775810242,
    0.060336530208587646,
    -0.6015903949737549,
    0.2073366641998291,
    0.1334233582019806,
    -0.21953782439231873,
    -0.07900553196668625,
    0.4293314516544342,
    0.048093631863594055,
    -0.21820655465126038,
    -0.015897095203399658,
    0.1696019172668457,
    0.0656074658036232,
    0.0813361406326294,
    -0.14644379913806915,
    -0.08037780225276947,
    -0.5605834722518921,
    -0.07667788863182068,
    -0.5021154880523682,
    -0.45475202798843384,
    -0.4780808091163635,
    0.22732406854629517,
    0.6477607488632202,
    0.14659084379673004,
    -0.6973533630371094,
    0.1164207011461258,
    -0.14428701996803284,
    0.5247325897216797,
    -0.09490804374217987,
    0.47720956802368164,
    0.42611896991729736,
    0.19161483645439148,
    -0.5414402484893799,
    0.5596144795417786,
    0.007814377546310425,
    -0.25270459055900574,
    -0.1633795201778412,
    -0.32731154561042786,
    0.23927035927772522,
    -0.6449590921401978,
    0.37973132729530334,
    -0.21626681089401245,
    0.35877829790115356,
    0.06892889738082886,
    -0.3168300688266754,
    -0.011353686451911926,
    0.09934306889772415,
    -0.45309752225875854,
    0.10963530838489532,
    0.8752973079681396,
    0.4651489555835724,
    -0.3715037703514099,
    -0.6669332385063171,
    -0.10108812153339386,
    0.044716812670230865,
    -0.639954149723053,
    0.251125693321228,
    -0.7634475231170654,
    0.6073413491249084,
    0.41145163774490356,
    -0.1527269035577774,
    0.09053337574005127,
    0.1603260338306427,
    0.5715531706809998,
    -0.02975921332836151,
    -0.12459895014762878,
    -0.003408879041671753,
    -0.1940312385559082,
    0.2460668385028839,
    0.4256190061569214,
    -0.15023276209831238,
    -0.0963362455368042,
    -0.028463706374168396,
    0.5183769464492798,
    0.09670673310756683,
    0.02494221180677414,
    0.7699405550956726,
    0.19388999044895172,
    0.09455838799476624,
    0.35752037167549133,
    -0.6061016321182251,
    -0.5170412659645081,
    -0.21787433326244354,
    -0.10171569883823395,
    -0.20036764442920685,
    -0.25888583064079285,
    0.09797851741313934,
    0.09563474357128143,
    0.16974547505378723,
    0.6191070079803467,
    -0.25193944573402405,
    0.11262944340705872,
    0.1291450411081314,
    0.1259741336107254,
    0.04854302853345871,
    0.4781946539878845,
    0.12709718942642212,
    0.6963181495666504,
    0.37662720680236816,
    0.32302597165107727,
    -0.04525776207447052,
    -0.5524961948394775,
    0.3700156509876251,
    0.4943913519382477,
    0.3009836673736572,
    0.035700723528862,
    -0.6346468925476074,
    -0.4444356858730316,
    -0.10669087618589401,
    0.08196035027503967,
    -0.6113826036453247,
    0.14007568359375,
    0.17094485461711884,
    -0.26655063033103943,
    -0.14934459328651428,
    0.2404560148715973,
    0.5104369521141052,
    -0.29174792766571045,
    0.30281150341033936,
    -0.1423255354166031,
    0.4836462438106537,
    0.10135158151388168,
    0.3070123493671417,
    0.5144312977790833,
    -0.13950297236442566,
    0.07882802188396454,
    0.1505395472049713,
    0.06200161576271057,
    0.042722538113594055,
    0.6745657920837402,
    0.3257361054420471,
    -0.10979285836219788,
    -0.33016353845596313,
    -0.7050231695175171,
    -0.5183067917823792,
    -0.03399038314819336,
    0.0431932769715786,
    -0.4701958894729614,
    0.3395908772945404,
    -0.30391383171081543,
    -0.21202774345874786,
    0.49170345067977905,
    0.5535702109336853,
    -0.06363800168037415,
    0.0586479976773262,
    0.1597793996334076,
    -0.34555914998054504,
    0.1987653374671936,
    -0.030552787706255913,
    -0.394504576921463,
    -0.27129825949668884,
    -0.14194387197494507,
    0.7118093967437744,
    -0.2807340919971466,
    -0.5046904683113098,
    -0.20884361863136292,
    -0.01984608918428421,
    -0.22231963276863098,
    -0.47463706135749817,
    0.5491846203804016,
    -0.14816352725028992,
    -0.08337580412626266,
    0.2647741436958313,
    0.06832671910524368,
    0.4058099687099457,
    -0.03056139126420021,
    -0.40726256370544434,
    0.23402853310108185,
    0.3563273549079895,
    0.08511368930339813,
    0.2102939784526825,
    0.49898359179496765,
    -0.010875748470425606,
    -0.024010024964809418,
    0.6444251537322998,
    -0.6293210387229919,
    -0.048921793699264526,
    0.3244781792163849,
    0.36419835686683655,
    -0.878577470779419,
    -0.3832143545150757,
    0.14130799472332,
    -0.018326982855796814,
    -0.5345814228057861,
    0.5178800821304321,
    -0.36713963747024536,
    -0.5472697615623474,
    -0.6876187324523926,
    -0.06292522698640823,
    -0.5084334015846252,
    0.2221076488494873,
    0.17949217557907104,
    0.5495327711105347,
    0.3823893070220947,
    -0.3493967056274414,
    -0.6338372826576233,
    -0.30231210589408875,
    0.4184349477291107,
    -0.6124913692474365,
    0.19226431846618652,
    -0.41711053252220154,
    -0.7213174104690552,
    -0.4963354170322418,
    0.18104639649391174,
    0.1773352026939392,
    -0.3325544595718384,
    0.4747067093849182,
    0.8459315299987793,
    0.4701680839061737,
    0.006881111301481724,
    0.07509948313236237,
    -0.38695210218429565,
    0.34742164611816406,
    -0.6138550043106079,
    -0.6121850609779358,
    -0.19580776989459991,
    0.17594972252845764,
    0.1913853883743286,
    -0.18156698346138,
    0.163438618183136,
    0.009205431677401066,
    -0.09036386013031006,
    0.39150387048721313,
    0.3996083438396454,
    0.3131507337093353,
    0.11725395917892456,
    -0.4642080068588257,
    0.7348002791404724,
    0.14045795798301697,
    0.08206965774297714,
    -0.46820858120918274,
    -0.2850821316242218,
    -0.23263370990753174,
    0.21670648455619812,
    0.21558520197868347,
    -0.04524470865726471,
    0.1886538565158844,
    0.008421719074249268,
    0.6080915331840515,
    -0.1554919183254242,
    -0.4808959364891052,
    0.14820800721645355,
    -0.07335086166858673,
    -0.2299610674381256,
    -0.2077862024307251,
    0.37681010365486145,
    0.303467720746994,
    -0.46354585886001587,
    -0.30812039971351624,
    0.0034727994352579117,
    -0.04129412770271301,
    -0.3441314399242401,
    -0.132327139377594,
    0.09104320406913757,
    -0.019287362694740295,
    0.13920794427394867,
    0.6172903180122375,
    -0.07329254597425461,
    -0.6271426677703857,
    -0.3789060711860657,
    0.29098042845726013,
    -0.5869052410125732,
    0.0187024287879467,
    -0.08360010385513306,
    -0.06690303981304169
  ],
  "mean_cos": 0.70698168022292,
  "selected_tau": 0.6,
  "tau_candidates": [
    0.4,
    0.45,
    0.5,
    0.55,
    0.6,
    0.65,
    0.7,
    0.75,
    0.8
  ],