{
  "model": "ELEmbeddings",
  "epochs": 150,
  "dim": 2,
  "lr": 0.001530126972349584,
  "margin": 2.017961094378099,
  "batch": 64,
  "reg_norm": 0.001417747176544464,
  "optuna_used": true,
  "optuna": {
    "study_name": "mowl-elembeddings",
    "storage": null,
    "n_trials": 100,
    "best_params": {
      "dim": 2,
      "lr": 0.001530126972349584,
      "margin": 2.017961094378099,
      "reg_norm": 0.001417747176544464
    },
    "best_value": 0.0
  },
  "train_path": "/home/sanne/Projects/Ontology-Tradecraft/projects/project-5/src/train.ttl",
  "valid_path": "/home/sanne/Projects/Ontology-Tradecraft/projects/project-5/src/valid.ttl",
  "num_valid_pairs": 27,
  "cosine_similarities": [
    0.7304085493087769,
    0.4788232445716858,
    0.5688440203666687,
    -0.3821375370025635,
    -0.33983102440834045,
    -0.9994632005691528,
    0.977167010307312,
    -0.968852162361145,
    0.21976421773433685,
    0.9576916694641113,
    0.9997654557228088,
    0.058495908975601196,
    0.12204495072364807,
    -0.37983790040016174,
    -0.9673436880111694,
    0.9812266826629639,
    -0.24197548627853394,
    0.9932191371917725,
    -0.3415490984916687,
    0.6256877183914185,
    -0.2471512407064438,
    -0.3733687400817871,
    0.7047465443611145,
    -0.5633378624916077,
    -0.4635350704193115,
    0.8573423027992249,
    0.009999185800552368
  ],
  "mean_cos": 0.806811121377078,
  "selected_tau": 0.4,
  "tau_candidates": [
    0.4,
    0.45,
    0.5,
    0.55,
    0.6,
    0.65,
    0.7,
    0.75,
    0.8
  ],
  "best_model_path": "/home/sanne/Projects/Ontology-Tradecraft/projects/project-5/checkpoints/elembeddings.optuna.best.d2.lr1.53e-03.m2.02.r1.42e-03.model",
  "best_model_filename": "elembeddings.optuna.best.d2.lr1.53e-03.m2.02.r1.42e-03.model"
}