{
  "model": "ELEmbeddings",
  "epochs": 150,
  "dim": 2,
  "lr": 1.5e-05,
  "margin": 2.15,
  "batch": 64,
  "reg_norm": 0.0053,
  "optuna_used": false,
  "optuna": null,
  "train_path": "/home/sanne/Projects/Ontology-Tradecraft/projects/project-5/src/train.ttl",
  "valid_path": "/home/sanne/Projects/Ontology-Tradecraft/projects/project-5/src/valid.ttl",
  "num_valid_pairs": 27,
  "cosine_similarities": [
    -0.99522465467453,
    0.016986101865768433,
    0.22868269681930542,
    -0.09640789031982422,
    0.7706282734870911,
    -0.9114589691162109,
    -0.9635815620422363,
    -0.6686173677444458,
    0.9209691286087036,
    0.9874527454376221,
    0.22631603479385376,
    0.976029634475708,
    0.9334356784820557,
    0.2709106504917145,
    0.6356491446495056,
    -0.5240201354026794,
    -0.4754142165184021,
    0.8004556894302368,
    0.7302213907241821,
    0.882161557674408,
    -0.13355094194412231,
    -0.9534316062927246,
    0.3514346778392792,
    -1.0,
    -0.9095439314842224,
    -0.8065716624259949,
    -0.0427074134349823
  ],
  "mean_cos": 0.8485559158855014,
  "selected_tau": 0.4,
  "tau_candidates": [
    0.4,
    0.45,
    0.5,
    0.55,
    0.6,
    0.65,
    0.7,
    0.75,
    0.8
  ]
}