{
  "model": "ELEmbeddings",
  "epochs": 150,
  "dim": 8,
  "lr": 1.2943341200462843e-05,
  "margin": 2.3657225561069115,
  "batch": 64,
  "reg_norm": 0.009529925986434594,
  "optuna_used": true,
  "optuna": {
    "study_name": "mowl-elembeddings",
    "storage": null,
    "n_trials": 100,
    "best_params": {
      "dim": 8,
      "lr": 1.2943341200462843e-05,
      "margin": 2.3657225561069115,
      "reg_norm": 0.009529925986434594
    },
    "best_value": 4.999999873689376e-06
  },
  "train_path": "/home/sanne/Projects/Ontology-Tradecraft/projects/project-5/src/train.ttl",
  "valid_path": "/home/sanne/Projects/Ontology-Tradecraft/projects/project-5/src/valid.ttl",
  "num_valid_pairs": 278,
  "cosine_similarities": [
    0.3090946674346924,
    -0.1280440390110016,
    0.003084927797317505,
    0.047365620732307434,
    -0.33051028847694397,
    0.08837081491947174,
    0.3706943392753601,
    -0.5558109283447266,
    -0.10653513669967651,
    0.5902343988418579,
    0.07207249104976654,
    -0.4376935362815857,
    -0.1548977494239807,
    -0.3452449142932892,
    0.48098522424697876,
    0.07140117138624191,
    0.49607372283935547,
    0.007724106311798096,
    -0.2689433991909027,
    -0.10759609937667847,
    -0.20076406002044678,
    0.3782516121864319,
    -0.07990759611129761,
    0.13878007233142853,
    0.48565465211868286,
    -0.057201944291591644,
    0.002323947846889496,
    0.6979996562004089,
    0.1270487904548645,
    0.20854619145393372,
    0.33377954363822937,
    -0.38503897190093994,
    0.10000194609165192,
    -0.15549857914447784,
    -0.24383345246315002,
    0.6675922274589539,
    -0.5710926651954651,
    -0.5268029570579529,
    -0.175876647233963,
    -0.08657625317573547,
    -0.4242720603942871,
    -0.2684336006641388,
    0.35248368978500366,
    -0.1927507221698761,
    -0.7958028316497803,
    -0.45909062027931213,
    -0.6829572916030884,
    -0.5173287987709045,
    0.4749082922935486,
    0.22243572771549225,
    -0.6143977642059326,
    0.2178826779127121,
    -0.026570528745651245,
    -0.1390923410654068,
    0.14244337379932404,
    -0.25924795866012573,
    -0.20930390059947968,
    -0.23744302988052368,
    0.04665783792734146,
    0.4525863826274872,
    0.025697436183691025,
    -0.3009685277938843,
    0.2846642732620239,
    0.3070633113384247,
    0.3243979811668396,
    0.41231849789619446,
    0.5981646180152893,
    -0.0739901065826416,
    0.3919065594673157,
    0.32470032572746277,
    -0.23861390352249146,
    -0.496803879737854,
    0.6339249610900879,
    0.11550063639879227,
    0.2071143388748169,
    0.26920846104621887,
    -0.19471591711044312,
    0.8412548899650574,
    0.37213438749313354,
    0.46422725915908813,
    -0.10469722747802734,
    0.14938701689243317,
    -0.47361791133880615,
    0.24134473502635956,
    0.43941372632980347,
    -0.4596644639968872,
    0.3825472593307495,
    0.1597730964422226,
    -0.24460037052631378,
    -0.3411518335342407,
    -0.3620319366455078,
    0.4844173192977905,
    -0.25444960594177246,
    -0.4084199368953705,
    -0.6558219790458679,
    0.5132366418838501,
    0.36889582872390747,
    -0.4395369291305542,
    0.2695097327232361,
    -0.35305050015449524,
    -0.2210059016942978,
    -0.38756752014160156,
    0.17066751420497894,
    0.3239921033382416,
    0.07911304384469986,
    -0.030414234846830368,
    0.4590356945991516,
    -0.13743102550506592,
    0.007615052163600922,
    -0.23938457667827606,
    -0.22639873623847961,
    -0.3056038022041321,
    -0.4459047317504883,
    0.18370158970355988,
    -0.06816744804382324,
    0.1656942367553711,
    0.41767990589141846,
    0.32688042521476746,
    -0.459612637758255,
    -0.4879806935787201,
    0.09416306763887405,
    0.3399908244609833,
    0.29913944005966187,
    0.13949769735336304,
    0.26947715878486633,
    -0.16119343042373657,
    -0.0573652945458889,
    0.0008414331823587418,
    -0.11221767961978912,
    0.2177220731973648,
    0.056356195360422134,
    0.10459207743406296,
    -0.4776678681373596,
    -0.20630604028701782,
    0.26455920934677124,
    0.23049767315387726,
    -0.07091169059276581,
    -0.15639632940292358,
    0.20803654193878174,
    -0.341179758310318,
    0.05618543177843094,
    -0.22184647619724274,
    0.15990692377090454,
    -0.1502387672662735,
    0.8499359488487244,
    -0.41579505801200867,
    -0.021812573075294495,
    -0.12338832020759583,
    0.323420912027359,
    0.3743434250354767,
    0.2889140248298645,
    -0.41059610247612,
    0.05039030313491821,
    0.3087921142578125,
    0.04914908856153488,
    0.10473033785820007,
    0.39787113666534424,
    -0.44399458169937134,
    0.144599050283432,
    -0.1209697425365448,
    -0.010948069393634796,
    0.3740471303462982,
    -0.2839076817035675,
    -0.003055773675441742,
    0.5425706505775452,
    -0.5564450025558472,
    0.3807416558265686,
    -0.17856557667255402,
    -0.5208898782730103,
    -0.27351993322372437,
    0.28614094853401184,
    0.3007815480232239,
    0.19854271411895752,
    0.0748952254652977,
    0.03938455134630203,
    0.02277282066643238,
    -0.25040149688720703,
    -0.07953698933124542,
    -0.6210908889770508,
    -0.2749260663986206,
    -0.02121049165725708,
    0.38370710611343384,
    0.23437845706939697,
    0.47501978278160095,
    0.6280083060264587,
    0.38242122530937195,
    0.2776569128036499,
    -0.22759658098220825,
    0.508406937122345,
    0.6003258228302002,
    0.4496866464614868,
    -0.044443048536777496,
    -0.17984123528003693,
    0.07170992344617844,
    0.1354551464319229,
    -0.027884669601917267,
    0.5851423740386963,
    0.027462070807814598,
    0.031461477279663086,
    -0.6892187595367432,
    0.544376015663147,
    0.24702230095863342,
    -0.6638040542602539,
    0.3299105763435364,
    0.8932133913040161,
    -0.43097034096717834,
    0.6019009947776794,
    -0.10055539011955261,
    -0.01135249063372612,
    -0.5188801884651184,
    0.5957987904548645,
    0.23543351888656616,
    0.2221558690071106,
    0.054011695086956024,
    -0.05722907930612564,
    -0.0836099237203598,
    -0.6980631947517395,
    0.4179081618785858,
    -0.025114107877016068,
    -0.02523159235715866,
    -0.054055266082286835,
    -0.21167521178722382,
    -0.5258667469024658,
    0.18664488196372986,
    -0.6265189051628113,
    -0.18548034131526947,
    -0.4909689426422119,
    -0.6594220995903015,
    -0.20568832755088806,
    -0.16430529952049255,
    0.44136351346969604,
    -0.3985185921192169,
    -0.23069462180137634,
    0.221435546875,
    -0.09915421903133392,
    0.3697775602340698,
    -0.46017026901245117,
    0.5910946130752563,
    0.3842223286628723,
    0.5188079476356506,
    -0.22826740145683289,
    -0.6784877777099609,
    -0.5657244920730591,
    0.09904642403125763,
    0.44845741987228394,
    0.10179055482149124,
    0.04955364763736725,
    -0.15645365417003632,
    0.0429622083902359,
    0.16384151577949524,
    -0.04343153536319733,
    0.03588336333632469,
    0.09220260381698608,
    -0.2304316908121109,
    -0.3408081829547882,
    0.2485579550266266,
    0.6264833211898804,
    -0.4714018702507019,
    -0.22494570910930634,
    -0.0024883151054382324,
    0.20098012685775757,
    0.502025306224823,
    0.38781142234802246,
    -0.22990065813064575,
    0.712984561920166,
    -0.0883253663778305,
    -0.5509559512138367,
    -0.39973926544189453,
    0.06151740252971649,
    -0.30851584672927856,
    0.20769159495830536,
    0.2963062524795532,
    0.28705862164497375,
    0.5973715782165527,
    0.01659029722213745,
    -0.5641845464706421,
    -0.8246707320213318,
    0.05751638859510422
  ],
  "mean_cos": 0.7048749165101484,
  "selected_tau": 0.6,
  "tau_candidates": [
    0.4,
    0.45,
    0.5,
    0.55,
    0.6,
    0.65,
    0.7,
    0.75,
    0.8
  ],